﻿filename,pH
ph4_01.JPG,4
ph4_02.JPG,4
ph4_03.JPG,4
ph4_04.JPG,4
ph4_05.JPG,4
ph4_06.JPG,4
ph4_07.JPG,4
ph4_08.JPG,4
ph4_09.JPG,4
ph4_10.JPG,4
ph4_11.JPG,4
ph4_12.JPG,4
ph4_13.JPG,4
ph4_14.JPG,4
ph4_15.JPG,4
ph4_16.JPG,4
ph4_17.JPG,4
ph4_18.JPG,4
ph4_19.JPG,4
ph4_20.JPG,4
ph4_21.JPG,4
ph4_22.JPG,4
ph4_23.JPG,4
ph4_24.JPG,4
ph4_25.JPG,4
ph4_26.JPG,4
ph4_27.JPG,4
ph4_28.JPG,4
ph4_29.JPG,4
ph4_30.JPG,4
ph4_31.JPG,4
ph4_32.JPG,4
ph6.5_01.JPG,6.5
ph6.5_02.JPG,6.5
ph6.5_03.JPG,6.5
ph6.5_04.JPG,6.5
ph6.5_05.JPG,6.5
ph6.5_06.JPG,6.5
ph6.5_07.JPG,6.5
ph6.5_08.JPG,6.5
ph6.5_09.JPG,6.5
ph6.5_10.JPG,6.5
ph6.5_11.JPG,6.5
ph6.5_12.JPG,6.5
ph6.5_13.JPG,6.5
ph6.5_14.JPG,6.5
ph6.5_15.JPG,6.5
ph6.5_16.JPG,6.5
ph6.5_17.JPG,6.5
ph6.5_18.JPG,6.5
ph6.5_19.JPG,6.5
ph6.5_20.JPG,6.5
ph6.5_21.JPG,6.5
ph6.5_22.JPG,6.5
ph6.5_23.JPG,6.5
ph6.5_24.JPG,6.5
ph6.5_25.JPG,6.5
ph6.5_26.JPG,6.5
ph6.5_27.JPG,6.5
ph6.5_28.JPG,6.5
ph6.5_29.JPG,6.5
ph6.5_30.JPG,6.5
ph6.5_31.JPG,6.5
ph9_01.JPG,9
ph9_02.JPG,9
ph9_03.JPG,9
ph9_04.JPG,9
ph9_05.JPG,9
ph9_06.JPG,9
ph9_07.JPG,9
ph9_08.JPG,9
ph9_09.JPG,9
ph9_10.JPG,9
ph9_11.JPG,9
ph9_12.JPG,9
ph9_13.JPG,9
ph9_14.JPG,9
ph9_15.JPG,9
ph9_16.JPG,9
ph9_17.JPG,9
ph9_18.JPG,9
ph9_19.JPG,9
ph9_20.JPG,9
ph9_21.JPG,9
ph9_22.JPG,9
ph9_23.JPG,9
ph9_24.JPG,9
ph9_25.JPG,9
ph9_26.JPG,9
ph9_27.JPG,9
ph9_28.JPG,9
